[{"unique_id":24,"collision_year":2014,"death_date":"10/23/2014","time_death":1405,"date_collision":"10/23/2014","time_collision":1516,"location":"In front of 301 Bryant St","age":27,"sex":"Male","deceased":"Cyclist","collision_type":"Bicycle collision (solo)","cnn_intrsctn_pkey":24481000},{"unique_id":8,"collision_year":2014,"death_date":"3/24/2014","time_death":25,"date_collision":"3/19/2014","time_collision":null,"location":"Cross of 13th St and Folsom St","age":55,"sex":"Male","deceased":"Cyclist","collision_type":"Bicycle vs Motor Vehicle","cnn_intrsctn_pkey":24343000},{"unique_id":13,"collision_year":2014,"death_date":"6/4/2014","time_death":640,"date_collision":"5/25/2014","time_collision":null,"location":"Broadway St and Laguna St","age":51,"sex":"Male","deceased":"Cyclist","collision_type":"Bicycle vs Motor Vehicle","cnn_intrsctn_pkey":26578000},{"unique_id":65,"collision_year":2016,"death_date":"2/6/2016","time_death":2132,"date_collision":"2/6/2016","time_collision":2120,"location":"Brannan Street and 9th Street","age":27,"sex":"Male","deceased":"Passenger","collision_type":"Motor vehicle collision","cnn_intrsctn_pkey":23881000},{"unique_id":66,"collision_year":2016,"death_date":"2/6/2016","time_death":2132,"date_collision":"2/6/2016","time_collision":2120,"location":"Brannan Street and 9th Street","age":23,"sex":"Male","deceased":"Driver","collision_type":"Motor vehicle collision","cnn_intrsctn_pkey":23881000},{"unique_id":67,"collision_year":2016,"death_date":"2/6/2016","time_death":2132,"date_collision":"2/6/2016","time_collision":2120,"location":"Brannan Street and 9th Street","age":31,"sex":"Male","deceased":"Passenger","collision_type":"Motor vehicle collision","cnn_intrsctn_pkey":23881000},{"unique_id":68,"collision_year":2016,"death_date":"2/12/2016","time_death":827,"date_collision":"2/12/2016","time_collision":754,"location":"Geneva Avenue and Athens Street","age":68,"sex":"Female","deceased":"Pedestrian","collision_type":"Pedestrian vs Motor Vehicle","cnn_intrsctn_pkey":21405000},{"unique_id":69,"collision_year":2016,"death_date":"2/6/2016","time_death":1626,"date_collision":"2/5/2016","time_collision":950,"location":"7th Street and Market Street","age":38,"sex":"Female","deceased":"Pedestrian","collision_type":"Pedestrian vs Motor Vehicle","cnn_intrsctn_pkey":30742000},{"unique_id":70,"collision_year":2016,"death_date":"3/11/2016","time_death":602,"date_collision":"3/11/2016","time_collision":null,"location":"Across from 814 Broadway","age":62,"sex":"Male","deceased":"Pedestrian","collision_type":"Pedestrian vs Motor Vehicle","cnn_intrsctn_pkey":25111000},{"unique_id":71,"collision_year":2016,"death_date":"3/12/2016","time_death":2006,"date_collision":"3/12/2016","time_collision":1839,"location":"Leavenworth Street and Ellis Street","age":56,"sex":"Male","deceased":"Pedestrian","collision_type":"Pedestrian vs Motor Vehicle","cnn_intrsctn_pkey":25139000},{"unique_id":72,"collision_year":2016,"death_date":"3/21/2016","time_death":228,"date_collision":"3/10/2016","time_collision":1229,"location":"Sunset Blvd and Noriega Street","age":87,"sex":"Male","deceased":"Pedestrian","collision_type":"Pedestrian vs Motor Vehicle","cnn_intrsctn_pkey":27697000},{"unique_id":73,"collision_year":2016,"death_date":"3/21/2016","time_death":1104,"date_collision":"3/21/2016","time_collision":1500,"location":"3245 Geary Blvd","age":87,"sex":"Male","deceased":"Passenger","collision_type":"Motor vehicle collision","cnn_intrsctn_pkey":26930000},{"unique_id":74,"collision_year":2016,"death_date":"3/27/2016","time_death":1712,"date_collision":"3/27/2016","time_collision":1700,"location":"556 Guerrero St","age":63,"sex":"Male","deceased":"Driver","collision_type":"Motor vehicle collision","cnn_intrsctn_pkey":25689000},{"unique_id":1,"collision_year":2014,"death_date":"1/19/2014","time_death":1054,"date_collision":"1/17/2014","time_collision":null,"location":"Broderick St and Bush St","age":61,"sex":"Male","deceased":"Motorcyclist","collision_type":"Motorcycle vs Motor Vehicle","cnn_intrsctn_pkey":26816000},{"unique_id":2,"collision_year":2014,"death_date":"1/7/2014","time_death":1830,"date_collision":"1/4/2014","time_collision":1820,"location":"In front of 240 Van Ness Ave","age":38,"sex":"Male","deceased":"Pedestrian","collision_type":"Pedestrian vs Motor Vehicle","cnn_intrsctn_pkey":24460000},{"unique_id":3,"collision_year":2014,"death_date":"2/12/2014","time_death":100,"date_collision":"2/12/2014","time_collision":54,"location":"2000 Block of Van Ness Ave","age":35,"sex":"Male","deceased":"Pedestrian","collision_type":"Pedestrian vs Motor Vehicle","cnn_intrsctn_pkey":26541000},{"unique_id":5,"collision_year":2014,"death_date":"2/20/2014","time_death":1750,"date_collision":"2/20/2014","time_collision":1510,"location":"California St and Fillmore St","age":90,"sex":"Female","deceased":"Pedestrian","collision_type":"Pedestrian vs Motor Vehicle","cnn_intrsctn_pkey":26611000},{"unique_id":7,"collision_year":2014,"death_date":"2/6/2014","time_death":1020,"date_collision":"2/5/2014","time_collision":226,"location":"Van Ness Ave and Grove St","age":53,"sex":"Male","deceased":"Pedestrian","collision_type":"Pedestrian vs Motor Vehicle","cnn_intrsctn_pkey":24459000},{"unique_id":9,"collision_year":2014,"death_date":"3/20/2014","time_death":1121,"date_collision":"3/20/2014","time_collision":null,"location":"Bayshore Blvd near Visitation Ave","age":82,"sex":"Female","deceased":"Pedestrian","collision_type":"Pedestrian vs Motor Vehicle","cnn_intrsctn_pkey":20308000},{"unique_id":10,"collision_year":2014,"death_date":"4/6/2014","time_death":2311,"date_collision":"4/6/2014","time_collision":2304,"location":"In front of 600 Van Ness Ave","age":72,"sex":"Male","deceased":"Pedestrian","collision_type":"Pedestrian vs Motor Vehicle","cnn_intrsctn_pkey":24475000},{"unique_id":11,"collision_year":2014,"death_date":"6/19/2014","time_death":35,"date_collision":"5/12/2014","time_collision":null,"location":"Dolores St and 30th St","age":77,"sex":"Male","deceased":"Pedestrian","collision_type":"Pedestrian vs Motor Vehicle","cnn_intrsctn_pkey":21841000},{"unique_id":12,"collision_year":2014,"death_date":"6/13/2014","time_death":440,"date_collision":"5/25/2014","time_collision":2056,"location":"1200 Block of San Jose Ave","age":34,"sex":"Male","deceased":"Pedestrian","collision_type":"Pedestrian vs LRV","cnn_intrsctn_pkey":21865000},{"unique_id":14,"collision_year":2014,"death_date":"5/3/2014","time_death":1720,"date_collision":"5/3/2014","time_collision":224,"location":"Folsom St and Caesar Chavez","age":26,"sex":"Male","deceased":"Driver","collision_type":"Motor Vehicle collision (solo)","cnn_intrsctn_pkey":21177000},{"unique_id":15,"collision_year":2014,"death_date":"6/5/2014","time_death":1650,"date_collision":"6/5/2014","time_collision":1430,"location":"In front of 128 Barnveld Ave","age":30,"sex":"Male","deceased":"Driver","collision_type":"Motor Vehicle collision (solo)","cnn_intrsctn_pkey":20822000},{"unique_id":16,"collision_year":2014,"death_date":"8/16/2014","time_death":1605,"date_collision":"7/28/2014","time_collision":2218,"location":"Post St and Jones St","age":29,"sex":"Male","deceased":"Pedestrian","collision_type":"Pedestrian vs Motor Vehicle","cnn_intrsctn_pkey":24965000},{"unique_id":17,"collision_year":2014,"death_date":"7/8/2014","time_death":613,"date_collision":"7/8/2014","time_collision":149,"location":"Van Ness Ave and Sutter St","age":51,"sex":"Male","deceased":"Motorcyclist","collision_type":"Motorcycle vs Motor Vehicle","cnn_intrsctn_pkey":25219000},{"unique_id":19,"collision_year":2014,"death_date":"8/28/2014","time_death":921,"date_collision":"8/28/2014","time_collision":904,"location":"Quint St and Newcomb Ave","age":52,"sex":"Male","deceased":"Pedestrian","collision_type":"Pedestrian vs Motor Vehicle","cnn_intrsctn_pkey":20688000},{"unique_id":21,"collision_year":2014,"death_date":"9/8/2014","time_death":1638,"date_collision":"9/8/2014","time_collision":510,"location":"3rd St at Carrol Ave","age":71,"sex":"Male","deceased":"Pedestrian","collision_type":"Pedestrian vs LRV","cnn_intrsctn_pkey":20489000},{"unique_id":22,"collision_year":2014,"death_date":"10/20/2014","time_death":720,"date_collision":"10/20/2014","time_collision":657,"location":"Sloat Blvd and 43rd St","age":87,"sex":"Male","deceased":"Pedestrian","collision_type":"Pedestrian vs Motor Vehicle","cnn_intrsctn_pkey":23447000},{"unique_id":23,"collision_year":2014,"death_date":"10/23/2014","time_death":1246,"date_collision":"10/23/2014","time_collision":1130,"location":"Polk St and McAllister St","age":68,"sex":"Female","deceased":"Pedestrian","collision_type":"Pedestrian vs Motor Vehicle","cnn_intrsctn_pkey":24462000},{"unique_id":26,"collision_year":2014,"death_date":"11/3/2014","time_death":946,"date_collision":"11/3/2014","time_collision":47,"location":"Larkin St and Eddy St","age":54,"sex":"Male","deceased":"Pedestrian","collision_type":"Pedestrian vs Motor Vehicle","cnn_intrsctn_pkey":25148000},{"unique_id":27,"collision_year":2014,"death_date":"11/3/2014","time_death":1315,"date_collision":"11/3/2014","time_collision":1349,"location":"1984 Mission St","age":64,"sex":"Male","deceased":"Pedestrian","collision_type":"Pedestrian vs Motor Vehicle","cnn_intrsctn_pkey":24170000},{"unique_id":29,"collision_year":2014,"death_date":"11/6/2014","time_death":72,"date_collision":"11/6/2014","time_collision":610,"location":"Lombard St and Van Ness Ave","age":51,"sex":"Female","deceased":"Pedestrian","collision_type":"Pedestrian vs Motor Vehicle","cnn_intrsctn_pkey":26696000},{"unique_id":31,"collision_year":2014,"death_date":"12/29/2014","time_death":20,"date_collision":"12/6/2014","time_collision":null,"location":"Folsom St and 2nd St","age":59,"sex":"Male","deceased":"Pedestrian","collision_type":"Pedestrian vs Motor Vehicle","cnn_intrsctn_pkey":24519000},{"unique_id":54,"collision_year":2015,"death_date":"10/11/2015","time_death":1532,"date_collision":"11/11/2015","time_collision":1520,"location":"In front of 532 Market Street","age":47,"sex":"Male","deceased":"Cyclist","collision_type":"Bicycle vs MUNI","cnn_intrsctn_pkey":30733000},{"unique_id":61,"collision_year":2015,"death_date":"12/14/2015","time_death":1030,"date_collision":"12/14/2015","time_collision":1015,"location":"In front of 551 Goettingen St","age":63,"sex":"Male","deceased":"Cyclist","collision_type":"Bicyclist vs Motor Vehicle","cnn_intrsctn_pkey":20640000},{"unique_id":35,"collision_year":2015,"death_date":"3/2/2015","time_death":1620,"date_collision":"3/2/2015","time_collision":1234,"location":"14th St and Folsom St","age":66,"sex":"Male","deceased":"Cyclist","collision_type":"Bicyclist vs Motor Vehicle","cnn_intrsctn_pkey":24336000},{"unique_id":42,"collision_year":2015,"death_date":"6/5/2015","time_death":2115,"date_collision":"6/5/2015","time_collision":2101,"location":"Persia Ave East of Sunnydale Ave","age":23,"sex":"Male","deceased":"Cyclist","collision_type":"Bicyclist vs Motor Vehicle","cnn_intrsctn_pkey":21605000},{"unique_id":4,"collision_year":2014,"death_date":"2/18/2014","time_death":1917,"date_collision":"2/18/2014","time_collision":1714,"location":"John F Kennedy Drive and Spreckels Lake Dr","age":53,"sex":"Male","deceased":"Motorcyclist","collision_type":"Motorcycle collision (solo)","cnn_intrsctn_pkey":27869000},{"unique_id":6,"collision_year":2014,"death_date":"2/4/2014","time_death":1111,"date_collision":"2/4/2014","time_collision":null,"location":"Sunset Blvd and  Yorba St","age":78,"sex":"Male","deceased":"Pedestrian","collision_type":"Pedestrian vs Motor Vehicle","cnn_intrsctn_pkey":33563000},{"unique_id":18,"collision_year":2014,"death_date":"8/15/2014","time_death":2350,"date_collision":"8/15/2014","time_collision":2235,"location":"In front of 833 Mission St","age":2,"sex":"Female","deceased":"Pedestrian","collision_type":"Pedestrian vs Motor Vehicle","cnn_intrsctn_pkey":35047000},{"unique_id":20,"collision_year":2014,"death_date":"9/20/2014","time_death":955,"date_collision":"9/20/2014","time_collision":953,"location":"In front of 770 Stockton St","age":78,"sex":"Female","deceased":"Pedestrian","collision_type":"Pedestrian vs Motor Vehicle","cnn_intrsctn_pkey":50236000},{"unique_id":25,"collision_year":2014,"death_date":"11/1/2014","time_death":2140,"date_collision":"11/1/2014","time_collision":2131,"location":"3rd St and Islais Channel","age":21,"sex":"Male","deceased":"Pedestrian","collision_type":"Pedestrian vs Motor Vehicle","cnn_intrsctn_pkey":34155000},{"unique_id":28,"collision_year":2014,"death_date":"11/5/2014","time_death":1,"date_collision":"11/4/2014","time_collision":2350,"location":"In front of 34 Turk St","age":35,"sex":"Male","deceased":"Passenger","collision_type":"Motor Vehicle collision (solo)","cnn_intrsctn_pkey":24898000},{"unique_id":30,"collision_year":2014,"death_date":"12/16/2014","time_death":1428,"date_collision":"12/16/2014","time_collision":1300,"location":"Treasure Island Road at Westbound I-80 onramp","age":20,"sex":"Male","deceased":"Motorcyclist","collision_type":"Motorcycle collision (solo)","cnn_intrsctn_pkey":53062000},{"unique_id":62,"collision_year":2015,"death_date":"12/18/2015","time_death":650,"date_collision":"12/18/2015","time_collision":220,"location":"Mission St at 26th St","age":28,"sex":"Male","deceased":"Pedestrian","collision_type":"Pedestrian vs Motor Vehicle","cnn_intrsctn_pkey":21306000},{"unique_id":46,"collision_year":2015,"death_date":"7/3/2015","time_death":2108,"date_collision":"6/12/2015","time_collision":1225,"location":"Mission St and Oliver St","age":80,"sex":"Female","deceased":"Pedestrian","collision_type":"Pedestrian vs Motor Vehicle","cnn_intrsctn_pkey":21550000},{"unique_id":38,"collision_year":2015,"death_date":"5/12/2015","time_death":849,"date_collision":"5/12/2015","time_collision":825,"location":"San Jose and Lakeview Avenue","age":12,"sex":"Male","deceased":"Pedestrian","collision_type":"Pedestrian vs LRV","cnn_intrsctn_pkey":21575000},{"unique_id":47,"collision_year":2015,"death_date":"7/5/2015","time_death":1500,"date_collision":"6/11/2015","time_collision":1456,"location":"Persia Ave and Mission Street","age":89,"sex":"Female","deceased":"Pedestrian","collision_type":"Pedestrian vs Motor Vehicle","cnn_intrsctn_pkey":21744000},{"unique_id":59,"collision_year":2015,"death_date":"11/21/2015","time_death":220,"date_collision":"11/22/2015","time_collision":220,"location":"San Jose Ave near Monterey Ave exit","age":60,"sex":"Male","deceased":"Motorcyclist","collision_type":"Motorcyclist vs Motor Vehicle","cnn_intrsctn_pkey":21788000},{"unique_id":43,"collision_year":2015,"death_date":"7/13/2015","time_death":2035,"date_collision":"7/9/2015","time_collision":1533,"location":"44th Ave and North of Rivera St","age":70,"sex":"Male","deceased":"Driver","collision_type":"Motor vehicle collision","cnn_intrsctn_pkey":23480000},{"unique_id":55,"collision_year":2015,"death_date":"10/12/2015","time_death":2109,"date_collision":"10/5/2015","time_collision":955,"location":"3rd Street and Brannan Sreet","age":72,"sex":"Female","deceased":"Pedestrian","collision_type":"Pedestrian vs Motor Vehicle","cnn_intrsctn_pkey":23811000},{"unique_id":49,"collision_year":2015,"death_date":"8/2/2015","time_death":718,"date_collision":"8/2/2015","time_collision":23,"location":"South Van Ness Avenue at 16th St","age":34,"sex":"Male","deceased":"Motorcyclist","collision_type":"Moped vs Motor Vehicle","cnn_intrsctn_pkey":24142000},{"unique_id":45,"collision_year":2015,"death_date":"7/23/2015","time_death":2125,"date_collision":"7/17/2015","time_collision":2125,"location":"520 South Van Ness Ave","age":51,"sex":"Male","deceased":"Pedestrian","collision_type":"Pedestrian vs Motor Vehicle","cnn_intrsctn_pkey":24142000},{"unique_id":50,"collision_year":2015,"death_date":"8/27/2015","time_death":1436,"date_collision":"8/14/2015","time_collision":135,"location":"9th and Mission St","age":60,"sex":"Male","deceased":"Pedestrian","collision_type":"Pedestrian vs Motor Vehicle","cnn_intrsctn_pkey":24313000},{"unique_id":40,"collision_year":2015,"death_date":"6/2/2015","time_death":1609,"date_collision":"5/23/2015","time_collision":2336,"location":"10th Street at Mission St","age":51,"sex":"Male","deceased":"Pedestrian","collision_type":"Pedestrian vs Motor Vehicle","cnn_intrsctn_pkey":24414000},{"unique_id":41,"collision_year":2015,"death_date":"6/30/2015","time_death":600,"date_collision":"6/28/2015","time_collision":352,"location":"Van Ness Ave and Hayes St","age":52,"sex":"Male","deceased":"Motorcyclist","collision_type":"Motorcycle vs Motor Vehicle","cnn_intrsctn_pkey":24450000},{"unique_id":32,"collision_year":2015,"death_date":"1/10/2015","time_death":1724,"date_collision":"1/10/2015","time_collision":2223,"location":"Van Ness Ave and McAllister St","age":30,"sex":"Male","deceased":"Motorcyclist","collision_type":"Motorcycle collision","cnn_intrsctn_pkey":24466000},{"unique_id":36,"collision_year":2015,"death_date":"4/10/2015","time_death":2240,"date_collision":"4/10/2015","time_collision":2240,"location":"California St and Kearny","age":42,"sex":"Female","deceased":"Pedestrian","collision_type":"Pedestrian vs Motor Vehicle","cnn_intrsctn_pkey":24748000},{"unique_id":39,"collision_year":2015,"death_date":"6/17/2015","time_death":1906,"date_collision":"6/17/2015","time_collision":1800,"location":"Kearney at Clay St","age":77,"sex":"Female","deceased":"Pedestrian","collision_type":"Pedestrian vs Motor Vehicle","cnn_intrsctn_pkey":24770000},{"unique_id":60,"collision_year":2015,"death_date":"11/6/2015","time_death":1047,"date_collision":"11/3/2015","time_collision":539,"location":"Hyde St north of Post St","age":25,"sex":"Male","deceased":"Pedestrian","collision_type":"Pedestrian vs Motor Vehicle","cnn_intrsctn_pkey":25156000},{"unique_id":51,"collision_year":2015,"death_date":"9/16/2015","time_death":1722,"date_collision":"9/16/2015","time_collision":1304,"location":"Leavenworth St and Pine St","age":76,"sex":"Female","deceased":"Pedestrian","collision_type":"Pedestrian vs Motor Vehicle","cnn_intrsctn_pkey":25230000},{"unique_id":56,"collision_year":2015,"death_date":"11/13/2015","time_death":2100,"date_collision":"11/4/2015","time_collision":1004,"location":"Bush and Buchanan St","age":83,"sex":"Female","deceased":"Pedestrian","collision_type":"Pedestrian vs Motor Vehicle","cnn_intrsctn_pkey":26531000},{"unique_id":53,"collision_year":2015,"death_date":"9/5/2015","time_death":20,"date_collision":"9/4/2015","time_collision":1627,"location":"Bay St and Polk St","age":49,"sex":"Female","deceased":"Motorcyclist","collision_type":"Motorcycle vs Motor Vehicle","cnn_intrsctn_pkey":26701000},{"unique_id":34,"collision_year":2015,"death_date":"3/12/2015","time_death":950,"date_collision":"3/12/2015","time_collision":939,"location":"1341 Lincoln Way","age":26,"sex":"Male","deceased":"Motorcyclist","collision_type":"Motorcycle collision","cnn_intrsctn_pkey":27358000},{"unique_id":57,"collision_year":2015,"death_date":"11/13/2015","time_death":1935,"date_collision":"11/13/2015","time_collision":1850,"location":"In front of 1747 24th Ave","age":67,"sex":"Female","deceased":"Pedestrian","collision_type":"Pedestrian vs Motor Vehicle","cnn_intrsctn_pkey":27389000},{"unique_id":33,"collision_year":2015,"death_date":"3/11/2015","time_death":1555,"date_collision":"3/11/2015","time_collision":1047,"location":"26th Ave and Geary Blvd","age":87,"sex":"Male","deceased":"Pedestrian","collision_type":"Pedestrian vs Motor Vehicle","cnn_intrsctn_pkey":27554000},{"unique_id":37,"collision_year":2015,"death_date":"4/20/2015","time_death":2158,"date_collision":"4/20/2015","time_collision":620,"location":"41st Avenue at Pacheco St","age":88,"sex":"Male","deceased":"Pedestrian","collision_type":"Pedestrian vs Motor Vehicle","cnn_intrsctn_pkey":27752000},{"unique_id":44,"collision_year":2015,"death_date":"7/20/2015","time_death":1418,"date_collision":"7/20/2015","time_collision":1319,"location":"Cabrillo St and 33rd Ave","age":61,"sex":"Female","deceased":"Pedestrian","collision_type":"Pedestrian vs Motor Vehicle","cnn_intrsctn_pkey":27822000},{"unique_id":48,"collision_year":2015,"death_date":"7/5/2015","time_death":1505,"date_collision":"7/1/2015","time_collision":2111,"location":"Market St and Third St","age":39,"sex":"Male","deceased":"Pedestrian","collision_type":"Pedestrian vs Motor Vehicle","cnn_intrsctn_pkey":30738000},{"unique_id":52,"collision_year":2015,"death_date":"9/20/2015","time_death":1246,"date_collision":"8/31/2015","time_collision":726,"location":"21 Gaven St","age":64,"sex":"Male","deceased":"Pedestrian","collision_type":"Pedestrian vs Motor Vehicle","cnn_intrsctn_pkey":33268000},{"unique_id":58,"collision_year":2015,"death_date":"11/21/2015","time_death":1300,"date_collision":"11/21/2015","time_collision":1240,"location":"400 John Muir Dr","age":50,"sex":"Female","deceased":"Pedestrian","collision_type":"Pedestrian vs Motor Vehicle","cnn_intrsctn_pkey":54171000},{"unique_id":64,"collision_year":2016,"death_date":"1/31/2016","time_death":1710,"date_collision":"1/29/2016","time_collision":1856,"location":"30th Street and Dolores Street","age":60,"sex":"Male","deceased":"Pedestrian","collision_type":"Pedestrian vs Motor Vehicle","cnn_intrsctn_pkey":21841000},{"unique_id":63,"collision_year":2016,"death_date":"1/16/2016","time_death":1315,"date_collision":"1/16/2016","time_collision":null,"location":"Post Street and Divisadero Street","age":82,"sex":"Male","deceased":"Pedestrian","collision_type":"Pedestrian vs Tour Bus","cnn_intrsctn_pkey":26623000}]