[{"intrsctn_cyc_hgh_injry_int_pkey":1,"cnn_intrsctn_fkey":20250000,"injury":4,"sf":1,"weight":6,"chic_yn":"NO","percentile":0.76061120543299998},{"intrsctn_cyc_hgh_injry_int_pkey":2,"cnn_intrsctn_fkey":21890000,"injury":6,"sf":1,"weight":8,"chic_yn":"NO","percentile":0.830899830221},{"intrsctn_cyc_hgh_injry_int_pkey":3,"cnn_intrsctn_fkey":24336000,"injury":7,"sf":0,"weight":7,"chic_yn":"NO","percentile":0.79354838709700004},{"intrsctn_cyc_hgh_injry_int_pkey":4,"cnn_intrsctn_fkey":25573000,"injury":7,"sf":0,"weight":7,"chic_yn":"NO","percentile":0.776910016978}]