[{"intrsctn_ped_hgh_injry_int_pkey":1,"cnn_intrsctn_fkey":20157000,"hic_yn":1,"hic_code":55,"injury":3,"sf":2,"weight":7,"pedmodel":114656,"rate":87.217415573500006,"hipi":"YES","high_injury":" "},{"intrsctn_ped_hgh_injry_int_pkey":2,"cnn_intrsctn_fkey":20170000,"hic_yn":0,"hic_code":0,"injury":3,"sf":1,"weight":5,"pedmodel":114632,"rate":62.311197072900001,"hipi":"YES","high_injury":" "},{"intrsctn_ped_hgh_injry_int_pkey":3,"cnn_intrsctn_fkey":20433000,"hic_yn":0,"hic_code":0,"injury":4,"sf":1,"weight":6,"pedmodel":259994,"rate":32.967793762299998,"hipi":"YES","high_injury":" "},{"intrsctn_ped_hgh_injry_int_pkey":4,"cnn_intrsctn_fkey":20691000,"hic_yn":1,"hic_code":55,"injury":4,"sf":1,"weight":6,"pedmodel":229154,"rate":37.404664860399997,"hipi":"YES","high_injury":" "},{"intrsctn_ped_hgh_injry_int_pkey":5,"cnn_intrsctn_fkey":20656000,"hic_yn":1,"hic_code":84,"injury":10,"sf":3,"weight":16,"pedmodel":390586,"rate":58.5201283639,"hipi":"YES","high_injury":" "},{"intrsctn_ped_hgh_injry_int_pkey":6,"cnn_intrsctn_fkey":30766000,"hic_yn":0,"hic_code":0,"injury":8,"sf":2,"weight":12,"pedmodel":2832817,"rate":6.0515229691399997,"hipi":" ","high_injury":"YES"},{"intrsctn_ped_hgh_injry_int_pkey":7,"cnn_intrsctn_fkey":26942000,"hic_yn":0,"hic_code":0,"injury":2,"sf":1,"weight":4,"pedmodel":103823,"rate":55.038726623999999,"hipi":"YES","high_injury":" "},{"intrsctn_ped_hgh_injry_int_pkey":8,"cnn_intrsctn_fkey":27917000,"hic_yn":1,"hic_code":76,"injury":5,"sf":1,"weight":7,"pedmodel":257833,"rate":38.784794808999997,"hipi":"YES","high_injury":" "},{"intrsctn_ped_hgh_injry_int_pkey":9,"cnn_intrsctn_fkey":20298000,"hic_yn":0,"hic_code":0,"injury":10,"sf":1,"weight":12,"pedmodel":604258,"rate":28.370095460600002,"hipi":" ","high_injury":"YES"},{"intrsctn_ped_hgh_injry_int_pkey":10,"cnn_intrsctn_fkey":52262000,"hic_yn":1,"hic_code":30,"injury":9,"sf":0,"weight":9,"pedmodel":352129,"rate":36.512592990500004,"hipi":"YES","high_injury":" "},{"intrsctn_ped_hgh_injry_int_pkey":11,"cnn_intrsctn_fkey":33283000,"hic_yn":0,"hic_code":0,"injury":2,"sf":1,"weight":4,"pedmodel":26701,"rate":214.01017618399999,"hipi":"YES","high_injury":" "},{"intrsctn_ped_hgh_injry_int_pkey":12,"cnn_intrsctn_fkey":27384000,"hic_yn":0,"hic_code":0,"injury":5,"sf":0,"weight":5,"pedmodel":213643,"rate":33.433611879899999,"hipi":"YES","high_injury":" "},{"intrsctn_ped_hgh_injry_int_pkey":13,"cnn_intrsctn_fkey":27149000,"hic_yn":0,"hic_code":0,"injury":6,"sf":2,"weight":10,"pedmodel":9783969,"rate":1.4601144265399999,"hipi":" ","high_injury":"YES"},{"intrsctn_ped_hgh_injry_int_pkey":14,"cnn_intrsctn_fkey":26205000,"hic_yn":0,"hic_code":0,"injury":2,"sf":1,"weight":4,"pedmodel":141363,"rate":40.422781875600002,"hipi":"YES","high_injury":" "},{"intrsctn_ped_hgh_injry_int_pkey":15,"cnn_intrsctn_fkey":25982000,"hic_yn":0,"hic_code":0,"injury":3,"sf":1,"weight":5,"pedmodel":210576,"rate":33.920566174999998,"hipi":"YES","high_injury":" "},{"intrsctn_ped_hgh_injry_int_pkey":16,"cnn_intrsctn_fkey":25857000,"hic_yn":0,"hic_code":0,"injury":4,"sf":4,"weight":12,"pedmodel":2747480,"rate":6.2394838698899999,"hipi":" ","high_injury":"YES"},{"intrsctn_ped_hgh_injry_int_pkey":17,"cnn_intrsctn_fkey":25720000,"hic_yn":1,"hic_code":5,"injury":5,"sf":1,"weight":7,"pedmodel":119685,"rate":83.5526590634,"hipi":"YES","high_injury":" "},{"intrsctn_ped_hgh_injry_int_pkey":18,"cnn_intrsctn_fkey":25592000,"hic_yn":0,"hic_code":0,"injury":5,"sf":2,"weight":9,"pedmodel":4872292,"rate":2.6388284727500002,"hipi":" ","high_injury":"YES"},{"intrsctn_ped_hgh_injry_int_pkey":19,"cnn_intrsctn_fkey":24490000,"hic_yn":0,"hic_code":0,"injury":7,"sf":1,"weight":9,"pedmodel":6628668,"rate":1.93962691406,"hipi":" ","high_injury":"YES"},{"intrsctn_ped_hgh_injry_int_pkey":20,"cnn_intrsctn_fkey":24513000,"hic_yn":0,"hic_code":0,"injury":9,"sf":0,"weight":9,"pedmodel":5026836,"rate":2.55770087927,"hipi":" ","high_injury":"YES"},{"intrsctn_ped_hgh_injry_int_pkey":21,"cnn_intrsctn_fkey":24272000,"hic_yn":0,"hic_code":0,"injury":7,"sf":1,"weight":9,"pedmodel":5368214,"rate":2.3950503570000001,"hipi":" ","high_injury":"YES"},{"intrsctn_ped_hgh_injry_int_pkey":22,"cnn_intrsctn_fkey":23778000,"hic_yn":0,"hic_code":0,"injury":2,"sf":1,"weight":4,"pedmodel":157436,"rate":36.295927959799997,"hipi":"YES","high_injury":" "},{"intrsctn_ped_hgh_injry_int_pkey":23,"cnn_intrsctn_fkey":23798000,"hic_yn":0,"hic_code":0,"injury":7,"sf":1,"weight":9,"pedmodel":5926455,"rate":2.1694491660100002,"hipi":" ","high_injury":"YES"},{"intrsctn_ped_hgh_injry_int_pkey":24,"cnn_intrsctn_fkey":23383000,"hic_yn":1,"hic_code":66,"injury":5,"sf":1,"weight":7,"pedmodel":263712,"rate":37.920155321000003,"hipi":"YES","high_injury":" "},{"intrsctn_ped_hgh_injry_int_pkey":25,"cnn_intrsctn_fkey":23418000,"hic_yn":1,"hic_code":65,"injury":4,"sf":1,"weight":6,"pedmodel":262452,"rate":32.659033162,"hipi":"YES","high_injury":" "},{"intrsctn_ped_hgh_injry_int_pkey":26,"cnn_intrsctn_fkey":22867000,"hic_yn":0,"hic_code":0,"injury":3,"sf":1,"weight":5,"pedmodel":144609,"rate":49.394277969299999,"hipi":"YES","high_injury":" "},{"intrsctn_ped_hgh_injry_int_pkey":27,"cnn_intrsctn_fkey":22496000,"hic_yn":0,"hic_code":0,"injury":3,"sf":1,"weight":5,"pedmodel":135327,"rate":52.782202685800002,"hipi":"YES","high_injury":" "},{"intrsctn_ped_hgh_injry_int_pkey":28,"cnn_intrsctn_fkey":22456000,"hic_yn":1,"hic_code":83,"injury":4,"sf":2,"weight":8,"pedmodel":233458,"rate":48.953436714799999,"hipi":"YES","high_injury":" "},{"intrsctn_ped_hgh_injry_int_pkey":29,"cnn_intrsctn_fkey":22131000,"hic_yn":0,"hic_code":0,"injury":2,"sf":2,"weight":6,"pedmodel":104316,"rate":82.167918357999994,"hipi":"YES","high_injury":" "},{"intrsctn_ped_hgh_injry_int_pkey":30,"cnn_intrsctn_fkey":22193000,"hic_yn":0,"hic_code":0,"injury":4,"sf":0,"weight":4,"pedmodel":185689,"rate":30.773420688800002,"hipi":"YES","high_injury":" "},{"intrsctn_ped_hgh_injry_int_pkey":31,"cnn_intrsctn_fkey":22088000,"hic_yn":1,"hic_code":30,"injury":5,"sf":1,"weight":7,"pedmodel":216733,"rate":46.139720300999997,"hipi":"YES","high_injury":" "},{"intrsctn_ped_hgh_injry_int_pkey":32,"cnn_intrsctn_fkey":21940000,"hic_yn":0,"hic_code":0,"injury":9,"sf":0,"weight":9,"pedmodel":3297030,"rate":3.8996135483000001,"hipi":" ","high_injury":"YES"},{"intrsctn_ped_hgh_injry_int_pkey":33,"cnn_intrsctn_fkey":21788000,"hic_yn":0,"hic_code":0,"injury":3,"sf":1,"weight":5,"pedmodel":165871,"rate":43.062724303000003,"hipi":"YES","high_injury":" "},{"intrsctn_ped_hgh_injry_int_pkey":34,"cnn_intrsctn_fkey":21740000,"hic_yn":0,"hic_code":0,"injury":3,"sf":1,"weight":5,"pedmodel":192023,"rate":37.197924950999997,"hipi":"YES","high_injury":" "},{"intrsctn_ped_hgh_injry_int_pkey":35,"cnn_intrsctn_fkey":21592000,"hic_yn":1,"hic_code":83,"injury":3,"sf":1,"weight":5,"pedmodel":42672,"rate":167.389790562,"hipi":"YES","high_injury":" "},{"intrsctn_ped_hgh_injry_int_pkey":36,"cnn_intrsctn_fkey":21642000,"hic_yn":0,"hic_code":0,"injury":2,"sf":1,"weight":4,"pedmodel":176300,"rate":32.412284255700001,"hipi":"YES","high_injury":" "},{"intrsctn_ped_hgh_injry_int_pkey":37,"cnn_intrsctn_fkey":21680000,"hic_yn":0,"hic_code":0,"injury":2,"sf":1,"weight":4,"pedmodel":169853,"rate":33.642536277200001,"hipi":"YES","high_injury":" "},{"intrsctn_ped_hgh_injry_int_pkey":38,"cnn_intrsctn_fkey":21487000,"hic_yn":0,"hic_code":0,"injury":2,"sf":2,"weight":6,"pedmodel":207330,"rate":41.3419600223,"hipi":"YES","high_injury":" "},{"intrsctn_ped_hgh_injry_int_pkey":39,"cnn_intrsctn_fkey":21526000,"hic_yn":0,"hic_code":0,"injury":2,"sf":1,"weight":4,"pedmodel":185708,"rate":30.770272224599999,"hipi":"YES","high_injury":" "},{"intrsctn_ped_hgh_injry_int_pkey":40,"cnn_intrsctn_fkey":21359000,"hic_yn":1,"hic_code":29,"injury":2,"sf":1,"weight":4,"pedmodel":95607,"rate":59.768486766499997,"hipi":"YES","high_injury":" "},{"intrsctn_ped_hgh_injry_int_pkey":41,"cnn_intrsctn_fkey":21362000,"hic_yn":1,"hic_code":29,"injury":4,"sf":3,"weight":10,"pedmodel":215583,"rate":66.265495357800006,"hipi":"YES","high_injury":" "},{"intrsctn_ped_hgh_injry_int_pkey":42,"cnn_intrsctn_fkey":21020000,"hic_yn":0,"hic_code":0,"injury":2,"sf":1,"weight":4,"pedmodel":132932,"rate":42.986532319399998,"hipi":"YES","high_injury":" "}]